{
    "M": 61.904761904761905,
    "F": 38.095238095238095
}