{
    "F": 54.01459854014598,
    "M": 45.98540145985402
}